Department Family,Entity,Payment Date,Expense Type,Expense Area,Supplier Name,Company Status,Transactions Number,Amount (GBP),VAT Registration Number
FCO,FCO,2010-04-19T00:00:00Z,Programme and Project Management Consultancy,DG FINANCE,CONCERTO CONSULTING LIMITED,Dissolved,1162079,28050.0,
FCO,FCO,2010-04-19T00:00:00Z,Overseas Duty Travel,DG FINANCE,CONCERTO CONSULTING LIMITED,Dissolved,1162079,3965.99,
FCO,FCO,2010-04-19T00:00:00Z,VAT (Input) (Oracle Sub-Ledger Control Account),NON CASH & UNALLOCATED COSTS,CONCERTO CONSULTING LIMITED,Dissolved,1162079,5602.8,
FCO,FCO,2010-05-04T00:00:00Z,Programme and Project Management Consultancy,DG FINANCE,CONCERTO CONSULTING LIMITED,Dissolved,1163059,7650.0,
FCO,FCO,2010-05-04T00:00:00Z,Programme and Project Management Consultancy,DG FINANCE,CONCERTO CONSULTING LIMITED,Dissolved,1163059,11475.0,
FCO,FCO,2010-05-04T00:00:00Z,Programme and Project Management Consultancy,DG FINANCE,CONCERTO CONSULTING LIMITED,Dissolved,1163059,5100.0,
FCO,FCO,2010-05-04T00:00:00Z,VAT (Input) (Oracle Sub-Ledger Control Account),NON CASH & UNALLOCATED COSTS,CONCERTO CONSULTING LIMITED,Dissolved,1163059,4239.38,
FCO,FCO,2010-04-26T00:00:00Z,Programme Spend (Oracle Projects Control Account),DG EUROPE AND GLOBALISATION,WORLD INSTITUTE OF SUSTAINABLE ENERGY,Unknown,18274,48551.2,
FCO,FCO,2010-04-26T00:00:00Z,Programme Spend (Oracle Projects Control Account),DG EUROPE AND GLOBALISATION,WORLD INSTITUTE OF SUSTAINABLE ENERGY,Unknown,18274,-48551.2,
FCO,FCO,2010-04-26T00:00:00Z,Programme Spend (Oracle Projects Control Account),DG EUROPE AND GLOBALISATION,WORLD INSTITUTE OF SUSTAINABLE ENERGY,Unknown,18274,34892.55,
FCO,FCO,2010-04-26T00:00:00Z,Programme Spend (Oracle Projects Control Account),DG EUROPE AND GLOBALISATION,WORLD INSTITUTE OF SUSTAINABLE ENERGY,Unknown,18274,3799.96,
FCO,FCO,2010-04-06T00:00:00Z,General Information Services,DG CHANGE & DELIVERY,BULLET MARKETING LIMITED,Active,1161066,27000.0,
FCO,FCO,2010-04-06T00:00:00Z,VAT (Input) (Oracle Sub-Ledger Control Account),NON CASH & UNALLOCATED COSTS,BULLET MARKETING LIMITED,Active,1161066,4725.0,
FCO,FCO,2010-05-11T00:00:00Z,General Information Services,DG CHANGE & DELIVERY,BULLET MARKETING LIMITED,Active,1163553,26572.0,
FCO,FCO,2010-05-11T00:00:00Z,VAT (Input) (Oracle Sub-Ledger Control Account),NON CASH & UNALLOCATED COSTS,BULLET MARKETING LIMITED,Active,1163553,4650.1,
FCO,FCO,2010-04-07T00:00:00Z,Programme Spend (Oracle Projects Control Account),DG EUROPE AND GLOBALISATION,SYNTAO CO LTD,Unknown,1192261,44136.32,
FCO,FCO,2010-04-12T00:00:00Z,Programme Spend (Oracle Projects Control Account),DG EUROPE AND GLOBALISATION,ELEMENT ENERGY HOLDINGS LIMITED,Active,1161573,38500.0,
FCO,FCO,2010-04-12T00:00:00Z,Programme Spend (Oracle Projects Control Account),DG EUROPE AND GLOBALISATION,ELEMENT ENERGY HOLDINGS LIMITED,Active,1161573,-38500.0,
FCO,FCO,2010-04-12T00:00:00Z,Programme Spend (Oracle Projects Control Account),DG EUROPE AND GLOBALISATION,ELEMENT ENERGY HOLDINGS LIMITED,Active,1161573,38500.0,
FCO,FCO,2010-04-12T00:00:00Z,Programme Spend (Oracle Projects Control Account),DG EUROPE AND GLOBALISATION,ELEMENT ENERGY HOLDINGS LIMITED,Active,1161573,6737.5,
FCO,FCO,2010-04-12T00:00:00Z,Programme Spend (Oracle Projects Control Account),DG EUROPE AND GLOBALISATION,ELEMENT ENERGY HOLDINGS LIMITED,Active,1161573,-38500.0,
FCO,FCO,2010-04-12T00:00:00Z,Programme Spend (Oracle Projects Control Account),DG EUROPE AND GLOBALISATION,ELEMENT ENERGY HOLDINGS LIMITED,Active,1161573,-6737.5,
FCO,FCO,2010-04-12T00:00:00Z,Programme Spend (Oracle Projects Control Account),DG EUROPE AND GLOBALISATION,ELEMENT ENERGY HOLDINGS LIMITED,Active,1161573,38500.0,
FCO,FCO,2010-04-12T00:00:00Z,VAT (Input) (Oracle Sub-Ledger Control Account),NON CASH & UNALLOCATED COSTS,ELEMENT ENERGY HOLDINGS LIMITED,Active,1161573,6737.5,
FCO,FCO,2010-04-19T00:00:00Z,Programme Spend (Oracle Projects Control Account),DG EUROPE AND GLOBALISATION,ELEMENT ENERGY HOLDINGS LIMITED,Active,1162088,40000.0,
FCO,FCO,2010-04-19T00:00:00Z,Programme Spend (Oracle Projects Control Account),DG EUROPE AND GLOBALISATION,ELEMENT ENERGY HOLDINGS LIMITED,Active,1162088,-40000.0,
FCO,FCO,2010-04-19T00:00:00Z,Programme Spend (Oracle Projects Control Account),DG EUROPE AND GLOBALISATION,ELEMENT ENERGY HOLDINGS LIMITED,Active,1162088,40000.0,
FCO,FCO,2010-04-19T00:00:00Z,Programme Spend (Oracle Projects Control Account),DG EUROPE AND GLOBALISATION,ELEMENT ENERGY HOLDINGS LIMITED,Active,1162088,7000.0,
FCO,FCO,2010-04-19T00:00:00Z,Programme Spend (Oracle Projects Control Account),DG EUROPE AND GLOBALISATION,ELEMENT ENERGY HOLDINGS LIMITED,Active,1162088,-40000.0,
FCO,FCO,2010-04-19T00:00:00Z,Programme Spend (Oracle Projects Control Account),DG EUROPE AND GLOBALISATION,ELEMENT ENERGY HOLDINGS LIMITED,Active,1162088,-7000.0,
FCO,FCO,2010-04-19T00:00:00Z,Programme Spend (Oracle Projects Control Account),DG EUROPE AND GLOBALISATION,ELEMENT ENERGY HOLDINGS LIMITED,Active,1162088,40000.0,
FCO,FCO,2010-04-19T00:00:00Z,VAT (Input) (Oracle Sub-Ledger Control Account),NON CASH & UNALLOCATED COSTS,ELEMENT ENERGY HOLDINGS LIMITED,Active,1162088,7000.0,
FCO,FCO,2010-04-07T00:00:00Z,Recharge Suspense Account (Oracle PA Control Account),NON CASH & UNALLOCATED COSTS,FISCAL CRIME LIAISON OFFICE,Unknown,300002352,45056.41,
FCO,FCO,2010-05-06T00:00:00Z,Recharge Suspense Account (Oracle PA Control Account),NON CASH & UNALLOCATED COSTS,FISCAL CRIME LIAISON OFFICE,Unknown,300002462,44765.96,
FCO,FCO,2010-04-09T00:00:00Z,Recharge Suspense Account (Oracle PA Control Account),NON CASH & UNALLOCATED COSTS,AL-RAMI MOTORS COMPANY,Unknown,400000417,46529.11,
FCO,FCO,2010-04-09T00:00:00Z,Construction Project more than ����10k,DG CHANGE & DELIVERY,WIESNER-HAGER MOBEL GMBH,Unknown,1161535,28485.6,
FCO,FCO,2010-04-09T00:00:00Z,"Purchase of Furniture, Fittings and Domestic Appliances",DG CHANGE & DELIVERY,WIESNER-HAGER MOBEL GMBH,Unknown,1161535,15537.6,
FCO,FCO,2010-04-09T00:00:00Z,Construction Project more than ����10k,DG CHANGE & DELIVERY,WIESNER-HAGER MOBEL GMBH,Unknown,1161535,2289.3,
FCO,FCO,2010-04-09T00:00:00Z,"Purchase of Furniture, Fittings and Domestic Appliances",DG CHANGE & DELIVERY,WIESNER-HAGER MOBEL GMBH,Unknown,1161535,763.1,
FCO,FCO,2010-04-09T00:00:00Z,Construction Project more than ����10k,DG CHANGE & DELIVERY,WIESNER-HAGER MOBEL GMBH,Unknown,1161535,134.55,
FCO,FCO,2010-04-09T00:00:00Z,"Purchase of Furniture, Fittings and Domestic Appliances",DG CHANGE & DELIVERY,WIESNER-HAGER MOBEL GMBH,Unknown,1161535,650.0,
FCO,FCO,2010-04-01T00:00:00Z,Energy Saving Measures,DG CHANGE & DELIVERY,ESSENT TRADING INTERNATIONAL SA,Unknown,1160844,740400.0,
FCO,FCO,2010-04-06T00:00:00Z,Programme Spend (Oracle Projects Control Account),DG EUROPE AND GLOBALISATION,KOFI ANNAN FOUNDATION,Unknown,1161110,200000.0,
FCO,FCO,2010-05-04T00:00:00Z,Programme Spend (Oracle Projects Control Account),DG POLITICAL,ARTICLE 19,Active,1163035,58681.0,
FCO,FCO,2010-05-06T00:00:00Z,Programme Spend (Oracle Projects Control Account),DG CENTRAL GROUP,ASSOC OF COMMONWEALTH UNIVERSITIES,Unknown,1163241,29743.0,
FCO,FCO,2010-05-06T00:00:00Z,Programme Spend (Oracle Projects Control Account),DG CENTRAL GROUP,ASSOC OF COMMONWEALTH UNIVERSITIES,Unknown,1163241,5205.03,
FCO,FCO,2010-04-14T00:00:00Z,Publications,DG CHANGE & DELIVERY,PARK COMMUNICATIONS LIMITED,Active,1161858,54935.0,
FCO,FCO,2010-04-14T00:00:00Z,General Information Services,DG CHANGE & DELIVERY,PARK COMMUNICATIONS LIMITED,Active,1161858,5025.0,
FCO,FCO,2010-04-14T00:00:00Z,Publications,DG CHANGE & DELIVERY,PARK COMMUNICATIONS LIMITED,Active,1161858,-54935.0,
FCO,FCO,2010-04-14T00:00:00Z,General Information Services,DG CHANGE & DELIVERY,PARK COMMUNICATIONS LIMITED,Active,1161858,-5025.0,
FCO,FCO,2010-04-14T00:00:00Z,Publications,DG CHANGE & DELIVERY,PARK COMMUNICATIONS LIMITED,Active,1161858,55970.0,
FCO,FCO,2010-04-14T00:00:00Z,General Information Services,DG CHANGE & DELIVERY,PARK COMMUNICATIONS LIMITED,Active,1161858,3990.0,
FCO,FCO,2010-04-22T00:00:00Z,Construction Project more than ����10k,DG CHANGE & DELIVERY,AAR ENVIRONMENTAL LTD - ASSOCIATED ASBESTOS REMOVAL LTD,Unknown,1162345,28000.0,
FCO,FCO,2010-04-15T00:00:00Z,Recharge Suspense Account (Oracle PA Control Account),NON CASH & UNALLOCATED COSTS,BRITISH COUNCIL(THE),Active,1008280,68349.2,
FCO,FCO,2010-05-07T00:00:00Z,Recharge Suspense Account (Oracle PA Control Account),NON CASH & UNALLOCATED COSTS,BRITISH COUNCIL(THE),Active,1008312,74554.79,
FCO,FCO,2010-04-21T00:00:00Z,FCO Healthcare Scheme,DG CHANGE & DELIVERY,HEALIX INTERNATIONAL LIMITED,Active,1162292,113130.7,
FCO,FCO,2010-04-21T00:00:00Z,FCO Healthcare Scheme,DG CHANGE & DELIVERY,HEALIX INTERNATIONAL LIMITED,Active,1162292,16.82,
FCO,FCO,2010-04-21T00:00:00Z,FCO Healthcare Scheme,DG CHANGE & DELIVERY,HEALIX INTERNATIONAL LIMITED,Active,1162292,19797.87,
FCO,FCO,2010-04-21T00:00:00Z,FCO Healthcare Scheme,DG CHANGE & DELIVERY,HEALIX INTERNATIONAL LIMITED,Active,1162292,2.94,
FCO,FCO,2010-04-21T00:00:00Z,FCO Healthcare Scheme,DG CHANGE & DELIVERY,HEALIX INTERNATIONAL LIMITED,Active,1162292,0.01,
FCO,FCO,2010-04-15T00:00:00Z,IT/IS Consultancy,DG CENTRAL GROUP,CABLE & WIRELESS A-SERVICES LIMITED,Active,1161910,56448.0,
FCO,FCO,2010-04-15T00:00:00Z,IT/IS Consultancy,DG CENTRAL GROUP,CABLE & WIRELESS A-SERVICES LIMITED,Active,1161910,66828.42,
FCO,FCO,2010-04-15T00:00:00Z,IT/IS Consultancy,DG CENTRAL GROUP,CABLE & WIRELESS A-SERVICES LIMITED,Active,1161910,3537.8,
FCO,FCO,2010-04-15T00:00:00Z,IT/IS Consultancy,DG CENTRAL GROUP,CABLE & WIRELESS A-SERVICES LIMITED,Active,1161910,3537.8,
FCO,FCO,2010-04-15T00:00:00Z,IT/IS Consultancy,DG CENTRAL GROUP,CABLE & WIRELESS A-SERVICES LIMITED,Active,1161910,3233.73,
FCO,FCO,2010-04-15T00:00:00Z,IT/IS Consultancy,DG CENTRAL GROUP,CABLE & WIRELESS A-SERVICES LIMITED,Active,1161910,-3233.73,
FCO,FCO,2010-04-15T00:00:00Z,IT/IS Consultancy,DG CENTRAL GROUP,CABLE & WIRELESS A-SERVICES LIMITED,Active,1161910,-3537.8,
FCO,FCO,2010-04-15T00:00:00Z,IT/IS Consultancy,DG CENTRAL GROUP,CABLE & WIRELESS A-SERVICES LIMITED,Active,1161910,-3537.8,
FCO,FCO,2010-04-15T00:00:00Z,IT/IS Consultancy,DG CENTRAL GROUP,CABLE & WIRELESS A-SERVICES LIMITED,Active,1161910,-66828.42,
FCO,FCO,2010-04-15T00:00:00Z,IT/IS Consultancy,DG CENTRAL GROUP,CABLE & WIRELESS A-SERVICES LIMITED,Active,1161910,57242.0,
FCO,FCO,2010-04-15T00:00:00Z,IT/IS Consultancy,DG CENTRAL GROUP,CABLE & WIRELESS A-SERVICES LIMITED,Active,1161910,9878.4,
FCO,FCO,2010-04-15T00:00:00Z,IT/IS Consultancy,DG CENTRAL GROUP,CABLE & WIRELESS A-SERVICES LIMITED,Active,1161910,10017.35,
FCO,FCO,2010-04-15T00:00:00Z,IT/IS Consultancy,DG CENTRAL GROUP,CABLE & WIRELESS A-SERVICES LIMITED,Active,1161910,-56448.0,
FCO,FCO,2010-04-15T00:00:00Z,IT/IS Consultancy,DG CENTRAL GROUP,CABLE & WIRELESS A-SERVICES LIMITED,Active,1161910,-57242.0,
FCO,FCO,2010-04-15T00:00:00Z,IT/IS Consultancy,DG CENTRAL GROUP,CABLE & WIRELESS A-SERVICES LIMITED,Active,1161910,-9878.4,
FCO,FCO,2010-04-15T00:00:00Z,IT/IS Consultancy,DG CENTRAL GROUP,CABLE & WIRELESS A-SERVICES LIMITED,Active,1161910,-10017.35,
FCO,FCO,2010-04-15T00:00:00Z,IT/IS Consultancy,DG CENTRAL GROUP,CABLE & WIRELESS A-SERVICES LIMITED,Active,1161910,113690.0,
FCO,FCO,2010-04-15T00:00:00Z,IT/IS Consultancy,DG CENTRAL GROUP,CABLE & WIRELESS A-SERVICES LIMITED,Active,1161910,19895.75,
FCO,FCO,2010-04-15T00:00:00Z,IT/IS Consultancy,DG CENTRAL GROUP,CABLE & WIRELESS A-SERVICES LIMITED,Active,1161910,-113690.0,
FCO,FCO,2010-04-15T00:00:00Z,IT/IS Consultancy,DG CENTRAL GROUP,CABLE & WIRELESS A-SERVICES LIMITED,Active,1161910,-19895.75,
FCO,FCO,2010-04-15T00:00:00Z,IT/IS Consultancy,DG CENTRAL GROUP,CABLE & WIRELESS A-SERVICES LIMITED,Active,1161910,113690.0,
FCO,FCO,2010-04-15T00:00:00Z,IT/IS Consultancy,DG CENTRAL GROUP,CABLE & WIRELESS A-SERVICES LIMITED,Active,1161910,19895.75,
FCO,FCO,2010-04-15T00:00:00Z,IT/IS Consultancy,DG CENTRAL GROUP,CABLE & WIRELESS A-SERVICES LIMITED,Active,1161910,-113690.0,
FCO,FCO,2010-04-15T00:00:00Z,IT/IS Consultancy,DG CENTRAL GROUP,CABLE & WIRELESS A-SERVICES LIMITED,Active,1161910,-19895.75,
FCO,FCO,2010-04-15T00:00:00Z,IT/IS Consultancy,DG CENTRAL GROUP,CABLE & WIRELESS A-SERVICES LIMITED,Active,1161910,113690.0,
FCO,FCO,2010-04-15T00:00:00Z,IT/IS Consultancy,DG CENTRAL GROUP,CABLE & WIRELESS A-SERVICES LIMITED,Active,1161910,19895.75,
FCO,FCO,2010-04-15T00:00:00Z,IT/IS Consultancy,DG CENTRAL GROUP,CABLE & WIRELESS A-SERVICES LIMITED,Active,1161910,-113690.0,
FCO,FCO,2010-04-15T00:00:00Z,IT/IS Consultancy,DG CENTRAL GROUP,CABLE & WIRELESS A-SERVICES LIMITED,Active,1161910,-19895.75,
FCO,FCO,2010-04-15T00:00:00Z,IT/IS Consultancy,DG CENTRAL GROUP,CABLE & WIRELESS A-SERVICES LIMITED,Active,1161910,113690.0,
FCO,FCO,2010-04-15T00:00:00Z,IT/IS Consultancy,DG CENTRAL GROUP,CABLE & WIRELESS A-SERVICES LIMITED,Active,1161910,19895.75,
FCO,FCO,2010-04-15T00:00:00Z,IT/IS Consultancy,DG CENTRAL GROUP,CABLE & WIRELESS A-SERVICES LIMITED,Active,1161910,-113690.0,
FCO,FCO,2010-04-15T00:00:00Z,IT/IS Consultancy,DG CENTRAL GROUP,CABLE & WIRELESS A-SERVICES LIMITED,Active,1161910,-19895.75,
FCO,FCO,2010-04-15T00:00:00Z,IT/IS Consultancy,DG CENTRAL GROUP,CABLE & WIRELESS A-SERVICES LIMITED,Active,1161910,113690.0,
FCO,FCO,2010-04-15T00:00:00Z,IT/IS Consultancy,DG CENTRAL GROUP,CABLE & WIRELESS A-SERVICES LIMITED,Active,1161910,19895.75,
FCO,FCO,2010-04-06T00:00:00Z,Assets Under Construction (Oracle PA Control Account),NON CASH & UNALLOCATED COSTS,CAPGEMINI UK PLC,Active,1161070,11550.0,
FCO,FCO,2010-04-06T00:00:00Z,Assets Under Construction (Oracle PA Control Account),NON CASH & UNALLOCATED COSTS,CAPGEMINI UK PLC,Active,1161070,11550.0,
FCO,FCO,2010-04-06T00:00:00Z,Assets Under Construction (Oracle PA Control Account),NON CASH & UNALLOCATED COSTS,CAPGEMINI UK PLC,Active,1161070,45.0,
FCO,FCO,2010-04-06T00:00:00Z,VAT (Input) (Oracle Sub-Ledger Control Account),NON CASH & UNALLOCATED COSTS,CAPGEMINI UK PLC,Active,1161070,4050.38,
FCO,FCO,2010-04-22T00:00:00Z,IT/IS Consultancy,DG CENTRAL GROUP,CAPGEMINI UK PLC,Active,1162362,81981.5,
FCO,FCO,2010-04-22T00:00:00Z,VAT (Input) (Oracle Sub-Ledger Control Account),NON CASH & UNALLOCATED COSTS,CAPGEMINI UK PLC,Active,1162362,14346.76,
FCO,FCO,2010-04-23T00:00:00Z,Assets Under Construction (Oracle PA Control Account),NON CASH & UNALLOCATED COSTS,CAPGEMINI UK PLC,Active,1162482,3822.5,
FCO,FCO,2010-04-23T00:00:00Z,Assets Under Construction (Oracle PA Control Account),NON CASH & UNALLOCATED COSTS,CAPGEMINI UK PLC,Active,1162482,5180.0,
FCO,FCO,2010-04-23T00:00:00Z,Assets Under Construction (Oracle PA Control Account),NON CASH & UNALLOCATED COSTS,CAPGEMINI UK PLC,Active,1162482,2284.0,
FCO,FCO,2010-04-23T00:00:00Z,Assets Under Construction (Oracle PA Control Account),NON CASH & UNALLOCATED COSTS,CAPGEMINI UK PLC,Active,1162482,285.5,
FCO,FCO,2010-04-23T00:00:00Z,Assets Under Construction (Oracle PA Control Account),NON CASH & UNALLOCATED COSTS,CAPGEMINI UK PLC,Active,1162482,11441.5,
FCO,FCO,2010-04-23T00:00:00Z,Assets Under Construction (Oracle PA Control Account),NON CASH & UNALLOCATED COSTS,CAPGEMINI UK PLC,Active,1162482,934.0,
FCO,FCO,2010-04-23T00:00:00Z,Assets Under Construction (Oracle PA Control Account),NON CASH & UNALLOCATED COSTS,CAPGEMINI UK PLC,Active,1162482,3552.0,
FCO,FCO,2010-04-23T00:00:00Z,Assets Under Construction (Oracle PA Control Account),NON CASH & UNALLOCATED COSTS,CAPGEMINI UK PLC,Active,1162482,1392.8,
FCO,FCO,2010-04-23T00:00:00Z,VAT (Input) (Oracle Sub-Ledger Control Account),NON CASH & UNALLOCATED COSTS,CAPGEMINI UK PLC,Active,1162482,5056.15,
FCO,FCO,2010-04-23T00:00:00Z,Assets Under Construction (Oracle PA Control Account),NON CASH & UNALLOCATED COSTS,CAPGEMINI UK PLC,Active,1162482,-3822.5,
FCO,FCO,2010-04-23T00:00:00Z,Assets Under Construction (Oracle PA Control Account),NON CASH & UNALLOCATED COSTS,CAPGEMINI UK PLC,Active,1162482,-5180.0,
FCO,FCO,2010-04-23T00:00:00Z,Assets Under Construction (Oracle PA Control Account),NON CASH & UNALLOCATED COSTS,CAPGEMINI UK PLC,Active,1162482,-2284.0,
FCO,FCO,2010-04-23T00:00:00Z,Assets Under Construction (Oracle PA Control Account),NON CASH & UNALLOCATED COSTS,CAPGEMINI UK PLC,Active,1162482,-285.5,
FCO,FCO,2010-04-23T00:00:00Z,Assets Under Construction (Oracle PA Control Account),NON CASH & UNALLOCATED COSTS,CAPGEMINI UK PLC,Active,1162482,-11441.5,
FCO,FCO,2010-04-23T00:00:00Z,Assets Under Construction (Oracle PA Control Account),NON CASH & UNALLOCATED COSTS,CAPGEMINI UK PLC,Active,1162482,-934.0,
FCO,FCO,2010-04-23T00:00:00Z,Assets Under Construction (Oracle PA Control Account),NON CASH & UNALLOCATED COSTS,CAPGEMINI UK PLC,Active,1162482,-3552.0,
FCO,FCO,2010-04-23T00:00:00Z,Assets Under Construction (Oracle PA Control Account),NON CASH & UNALLOCATED COSTS,CAPGEMINI UK PLC,Active,1162482,-1392.8,
FCO,FCO,2010-04-23T00:00:00Z,VAT (Input) (Oracle Sub-Ledger Control Account),NON CASH & UNALLOCATED COSTS,CAPGEMINI UK PLC,Active,1162482,-5056.15,
FCO,FCO,2010-04-23T00:00:00Z,Assets Under Construction (Oracle PA Control Account),NON CASH & UNALLOCATED COSTS,CAPGEMINI UK PLC,Active,1162482,76.3,
FCO,FCO,2010-04-23T00:00:00Z,Assets Under Construction (Oracle PA Control Account),NON CASH & UNALLOCATED COSTS,CAPGEMINI UK PLC,Active,1162482,5180.0,
FCO,FCO,2010-04-23T00:00:00Z,Assets Under Construction (Oracle PA Control Account),NON CASH & UNALLOCATED COSTS,CAPGEMINI UK PLC,Active,1162482,2284.0,
FCO,FCO,2010-04-23T00:00:00Z,Assets Under Construction (Oracle PA Control Account),NON CASH & UNALLOCATED COSTS,CAPGEMINI UK PLC,Active,1162482,285.5,
FCO,FCO,2010-04-23T00:00:00Z,Assets Under Construction (Oracle PA Control Account),NON CASH & UNALLOCATED COSTS,CAPGEMINI UK PLC,Active,1162482,11441.5,
FCO,FCO,2010-04-23T00:00:00Z,Assets Under Construction (Oracle PA Control Account),NON CASH & UNALLOCATED COSTS,CAPGEMINI UK PLC,Active,1162482,934.0,
FCO,FCO,2010-04-23T00:00:00Z,Assets Under Construction (Oracle PA Control Account),NON CASH & UNALLOCATED COSTS,CAPGEMINI UK PLC,Active,1162482,3552.0,
FCO,FCO,2010-04-23T00:00:00Z,Assets Under Construction (Oracle PA Control Account),NON CASH & UNALLOCATED COSTS,CAPGEMINI UK PLC,Active,1162482,5139.0,
FCO,FCO,2010-04-23T00:00:00Z,VAT (Input) (Oracle Sub-Ledger Control Account),NON CASH & UNALLOCATED COSTS,CAPGEMINI UK PLC,Active,1162482,5056.15,
FCO,FCO,2010-04-28T00:00:00Z,Assets Under Construction (Oracle PA Control Account),NON CASH & UNALLOCATED COSTS,CAPGEMINI UK PLC,Active,1162828,1868.0,
FCO,FCO,2010-04-28T00:00:00Z,Assets Under Construction (Oracle PA Control Account),NON CASH & UNALLOCATED COSTS,CAPGEMINI UK PLC,Active,1162828,9340.0,
FCO,FCO,2010-04-28T00:00:00Z,Assets Under Construction (Oracle PA Control Account),NON CASH & UNALLOCATED COSTS,CAPGEMINI UK PLC,Active,1162828,2335.0,
FCO,FCO,2010-04-28T00:00:00Z,Assets Under Construction (Oracle PA Control Account),NON CASH & UNALLOCATED COSTS,CAPGEMINI UK PLC,Active,1162828,2335.0,
FCO,FCO,2010-04-28T00:00:00Z,Assets Under Construction (Oracle PA Control Account),NON CASH & UNALLOCATED COSTS,CAPGEMINI UK PLC,Active,1162828,3960.0,
FCO,FCO,2010-04-28T00:00:00Z,Assets Under Construction (Oracle PA Control Account),NON CASH & UNALLOCATED COSTS,CAPGEMINI UK PLC,Active,1162828,4670.0,
FCO,FCO,2010-04-28T00:00:00Z,Assets Under Construction (Oracle PA Control Account),NON CASH & UNALLOCATED COSTS,CAPGEMINI UK PLC,Active,1162828,1142.0,
FCO,FCO,2010-04-28T00:00:00Z,Assets Under Construction (Oracle PA Control Account),NON CASH & UNALLOCATED COSTS,CAPGEMINI UK PLC,Active,1162828,2802.0,
FCO,FCO,2010-04-28T00:00:00Z,Assets Under Construction (Oracle PA Control Account),NON CASH & UNALLOCATED COSTS,CAPGEMINI UK PLC,Active,1162828,1868.0,
FCO,FCO,2010-04-28T00:00:00Z,VAT (Input) (Oracle Sub-Ledger Control Account),NON CASH & UNALLOCATED COSTS,CAPGEMINI UK PLC,Active,1162828,5306.01,
FCO,FCO,2010-04-28T00:00:00Z,VAT (Input) (Oracle Sub-Ledger Control Account),NON CASH & UNALLOCATED COSTS,CAPGEMINI UK PLC,Active,1162828,-0.01,
FCO,FCO,2010-04-28T00:00:00Z,Assets Under Construction (Oracle PA Control Account),NON CASH & UNALLOCATED COSTS,CAPGEMINI UK PLC,Active,1162828,-2802.0,
FCO,FCO,2010-04-28T00:00:00Z,Assets Under Construction (Oracle PA Control Account),NON CASH & UNALLOCATED COSTS,CAPGEMINI UK PLC,Active,1162828,2802.0,
FCO,FCO,2010-04-01T00:00:00Z,Assets Under Construction (Oracle PA Control Account),NON CASH & UNALLOCATED COSTS,JOHNSON CONTROLS,Situation Normale,1160903,46545.0,
FCO,FCO,2010-04-13T00:00:00Z,IT/IS Consultancy,DG CENTRAL GROUP,FUJITSU SERVICES LIMITED,Active,1161688,73244.14,
FCO,FCO,2010-04-13T00:00:00Z,IT/IS Consultancy,DG CENTRAL GROUP,FUJITSU SERVICES LIMITED,Active,1161688,12817.72,
FCO,FCO,2010-04-14T00:00:00Z,IT/IS Consultancy,DG CENTRAL GROUP,FUJITSU SERVICES LIMITED,Active,1161826,31573.92,
FCO,FCO,2010-04-14T00:00:00Z,IT/IS Consultancy,DG CENTRAL GROUP,FUJITSU SERVICES LIMITED,Active,1161826,20636.25,
FCO,FCO,2010-04-14T00:00:00Z,VAT (Input) (Oracle Sub-Ledger Control Account),NON CASH & UNALLOCATED COSTS,FUJITSU SERVICES LIMITED,Active,1161826,9136.78,
FCO,FCO,2010-04-14T00:00:00Z,VAT (Input) (Oracle Sub-Ledger Control Account),NON CASH & UNALLOCATED COSTS,FUJITSU SERVICES LIMITED,Active,1161826,-0.01,
FCO,FCO,2010-04-14T00:00:00Z,IT/IS Consultancy,DG CENTRAL GROUP,FUJITSU SERVICES LIMITED,Active,1161826,-31573.92,
FCO,FCO,2010-04-14T00:00:00Z,IT/IS Consultancy,DG CENTRAL GROUP,FUJITSU SERVICES LIMITED,Active,1161826,-20636.25,
FCO,FCO,2010-04-14T00:00:00Z,IT/IS Consultancy,DG CENTRAL GROUP,FUJITSU SERVICES LIMITED,Active,1161826,31573.92,
FCO,FCO,2010-04-14T00:00:00Z,IT/IS Consultancy,DG CENTRAL GROUP,FUJITSU SERVICES LIMITED,Active,1161826,20636.25,
FCO,FCO,2010-04-27T00:00:00Z,IT/IS Consultancy,DG CENTRAL GROUP,FUJITSU SERVICES LIMITED,Active,1162619,8.92,
FCO,FCO,2010-04-27T00:00:00Z,Information Systems Maintenance,DG CENTRAL GROUP,FUJITSU SERVICES LIMITED,Active,1162619,37900.16,
FCO,FCO,2010-04-27T00:00:00Z,Information Systems Maintenance,DG CENTRAL GROUP,FUJITSU SERVICES LIMITED,Active,1162619,19021.44,
FCO,FCO,2010-04-27T00:00:00Z,IT/IS Consultancy,DG CENTRAL GROUP,FUJITSU SERVICES LIMITED,Active,1162619,1.56,
FCO,FCO,2010-04-27T00:00:00Z,VAT (Input) (Oracle Sub-Ledger Control Account),NON CASH & UNALLOCATED COSTS,FUJITSU SERVICES LIMITED,Active,1162619,9961.28,
FCO,FCO,2010-05-05T00:00:00Z,IT/IS Consultancy,DG CENTRAL GROUP,FUJITSU SERVICES LIMITED,Active,1163194,2420.12,
FCO,FCO,2010-05-05T00:00:00Z,IT/IS Consultancy,DG CENTRAL GROUP,FUJITSU SERVICES LIMITED,Active,1163194,67090.38,
FCO,FCO,2010-05-05T00:00:00Z,IT/IS Consultancy,DG CENTRAL GROUP,FUJITSU SERVICES LIMITED,Active,1163194,423.52,
FCO,FCO,2010-05-05T00:00:00Z,IT/IS Consultancy,DG CENTRAL GROUP,FUJITSU SERVICES LIMITED,Active,1163194,11740.82,
FCO,FCO,2010-05-05T00:00:00Z,IT/IS Consultancy,DG CENTRAL GROUP,FUJITSU SERVICES LIMITED,Active,1163194,-0.01,
FCO,FCO,2010-05-05T00:00:00Z,IT/IS Consultancy,DG CENTRAL GROUP,FUJITSU SERVICES LIMITED,Active,1163194,-2420.12,
FCO,FCO,2010-05-05T00:00:00Z,IT/IS Consultancy,DG CENTRAL GROUP,FUJITSU SERVICES LIMITED,Active,1163194,-67090.38,
FCO,FCO,2010-05-05T00:00:00Z,IT/IS Consultancy,DG CENTRAL GROUP,FUJITSU SERVICES LIMITED,Active,1163194,-423.52,
FCO,FCO,2010-05-05T00:00:00Z,IT/IS Consultancy,DG CENTRAL GROUP,FUJITSU SERVICES LIMITED,Active,1163194,-11740.82,
FCO,FCO,2010-05-05T00:00:00Z,IT/IS Consultancy,DG CENTRAL GROUP,FUJITSU SERVICES LIMITED,Active,1163194,0.01,
FCO,FCO,2010-05-05T00:00:00Z,IT/IS Consultancy,DG CENTRAL GROUP,FUJITSU SERVICES LIMITED,Active,1163194,39892.34,
FCO,FCO,2010-05-05T00:00:00Z,Information Systems Maintenance,DG CENTRAL GROUP,FUJITSU SERVICES LIMITED,Active,1163194,29618.16,
FCO,FCO,2010-05-05T00:00:00Z,VAT (Input) (Oracle Sub-Ledger Control Account),NON CASH & UNALLOCATED COSTS,FUJITSU SERVICES LIMITED,Active,1163194,5183.18,
FCO,FCO,2010-05-05T00:00:00Z,IT/IS Consultancy,DG CENTRAL GROUP,FUJITSU SERVICES LIMITED,Active,1163194,5983.85,
FCO,FCO,2010-05-05T00:00:00Z,IT/IS Consultancy,DG CENTRAL GROUP,FUJITSU SERVICES LIMITED,Active,1163194,-39892.34,
FCO,FCO,2010-05-05T00:00:00Z,IT/IS Consultancy,DG CENTRAL GROUP,FUJITSU SERVICES LIMITED,Active,1163194,-5983.85,
FCO,FCO,2010-05-05T00:00:00Z,IT/IS Consultancy,DG CENTRAL GROUP,FUJITSU SERVICES LIMITED,Active,1163194,39892.34,
FCO,FCO,2010-05-05T00:00:00Z,IT/IS Consultancy,DG CENTRAL GROUP,FUJITSU SERVICES LIMITED,Active,1163194,6981.16,
FCO,FCO,2010-05-05T00:00:00Z,IT/IS Consultancy,DG CENTRAL GROUP,FUJITSU SERVICES LIMITED,Active,1163194,-0.01,
FCO,FCO,2010-04-13T00:00:00Z,Assets Under Construction (Oracle PA Control Account),NON CASH & UNALLOCATED COSTS,G.I.B.S. LIMITED,Active,1001453,65588.58,
FCO,FCO,2010-04-01T00:00:00Z,Assets Under Construction (Oracle PA Control Account),NON CASH & UNALLOCATED COSTS,G.I.B.S. LIMITED,Active,1002035,281597.93,
FCO,FCO,2010-04-09T00:00:00Z,Assets Under Construction (Oracle PA Control Account),NON CASH & UNALLOCATED COSTS,G.I.B.S. LIMITED,Active,1002044,281597.93,
FCO,FCO,2010-04-16T00:00:00Z,Assets Under Construction (Oracle PA Control Account),NON CASH & UNALLOCATED COSTS,HEWLETT - PACKARD LIMITED,Active,1162031,1523342.0,
FCO,FCO,2010-04-16T00:00:00Z,VAT (Input) (Oracle Sub-Ledger Control Account),NON CASH & UNALLOCATED COSTS,HEWLETT - PACKARD LIMITED,Active,1162031,266584.85,
FCO,FCO,2010-04-28T00:00:00Z,Assets Under Construction (Oracle PA Control Account),NON CASH & UNALLOCATED COSTS,HEWLETT - PACKARD LIMITED,Active,1162767,171893.48,
FCO,FCO,2010-04-28T00:00:00Z,Assets Under Construction (Oracle PA Control Account),NON CASH & UNALLOCATED COSTS,HEWLETT - PACKARD LIMITED,Active,1162767,25784.02,
FCO,FCO,2010-04-01T00:00:00Z,Building Mechanical and Engineering Services,DG CHANGE & DELIVERY,INTERSERVE FM LTD,Unknown,9163,2901.8,
FCO,FCO,2010-04-01T00:00:00Z,Minor New Works <10K,DG CHANGE & DELIVERY,INTERSERVE FM LTD,Unknown,9163,574.72,
FCO,FCO,2010-04-01T00:00:00Z,Grounds Maintenance,DG CHANGE & DELIVERY,INTERSERVE FM LTD,Unknown,9163,416.36,
FCO,FCO,2010-04-01T00:00:00Z,Cleaning & Waste,DG CHANGE & DELIVERY,INTERSERVE FM LTD,Unknown,9163,3362.33,
FCO,FCO,2010-04-01T00:00:00Z,Cleaning & Waste,DG CHANGE & DELIVERY,INTERSERVE FM LTD,Unknown,9163,285.18,
FCO,FCO,2010-04-01T00:00:00Z,Miscellaneous Expenditure,DG CHANGE & DELIVERY,INTERSERVE FM LTD,Unknown,9163,56.9,
FCO,FCO,2010-04-01T00:00:00Z,Waste Disposal,DG CHANGE & DELIVERY,INTERSERVE FM LTD,Unknown,9163,288.15,
FCO,FCO,2010-04-01T00:00:00Z,Reception Services,DG CHANGE & DELIVERY,INTERSERVE FM LTD,Unknown,9163,5777.49,
FCO,FCO,2010-04-01T00:00:00Z,Mail & Porterage Services,DG CHANGE & DELIVERY,INTERSERVE FM LTD,Unknown,9163,4123.45,
FCO,FCO,2010-04-01T00:00:00Z,Office Support Services,DG CHANGE & DELIVERY,INTERSERVE FM LTD,Unknown,9163,1444.37,
FCO,FCO,2010-04-01T00:00:00Z,Residential Property Services,DG CHANGE & DELIVERY,INTERSERVE FM LTD,Unknown,9163,864.41,
FCO,FCO,2010-04-01T00:00:00Z,Rematching / Reinstatement,DG CHANGE & DELIVERY,INTERSERVE FM LTD,Unknown,9163,611.2,
FCO,FCO,2010-04-01T00:00:00Z,Contract Fees,DG CHANGE & DELIVERY,INTERSERVE FM LTD,Unknown,9163,4469.87,
FCO,FCO,2010-04-01T00:00:00Z,Building Mechanical and Engineering Services,DG CHANGE & DELIVERY,INTERSERVE FM LTD,Unknown,9164,2298.98,
FCO,FCO,2010-04-01T00:00:00Z,Building Fabric Services,DG CHANGE & DELIVERY,INTERSERVE FM LTD,Unknown,9164,236.4,
FCO,FCO,2010-04-01T00:00:00Z,Minor New Works <10K,DG CHANGE & DELIVERY,INTERSERVE FM LTD,Unknown,9164,826.38,
FCO,FCO,2010-04-01T00:00:00Z,Grounds Maintenance,DG CHANGE & DELIVERY,INTERSERVE FM LTD,Unknown,9164,211.7,
FCO,FCO,2010-04-01T00:00:00Z,Cleaning & Waste,DG CHANGE & DELIVERY,INTERSERVE FM LTD,Unknown,9164,9305.37,
FCO,FCO,2010-04-01T00:00:00Z,Cleaning & Waste,DG CHANGE & DELIVERY,INTERSERVE FM LTD,Unknown,9164,381.36,
FCO,FCO,2010-04-01T00:00:00Z,Miscellaneous Expenditure,DG CHANGE & DELIVERY,INTERSERVE FM LTD,Unknown,9164,105.09,
FCO,FCO,2010-04-01T00:00:00Z,Waste Disposal,DG CHANGE & DELIVERY,INTERSERVE FM LTD,Unknown,9164,475.45,
FCO,FCO,2010-04-01T00:00:00Z,Reception Services,DG CHANGE & DELIVERY,INTERSERVE FM LTD,Unknown,9164,6321.31,
FCO,FCO,2010-04-01T00:00:00Z,Mail & Porterage Services,DG CHANGE & DELIVERY,INTERSERVE FM LTD,Unknown,9164,4953.12,
FCO,FCO,2010-04-01T00:00:00Z,Office Support Services,DG CHANGE & DELIVERY,INTERSERVE FM LTD,Unknown,9164,1580.33,
FCO,FCO,2010-04-01T00:00:00Z,Estates Management Services,DG CHANGE & DELIVERY,INTERSERVE FM LTD,Unknown,9164,136.88,
FCO,FCO,2010-04-01T00:00:00Z,Residential Property Services,DG CHANGE & DELIVERY,INTERSERVE FM LTD,Unknown,9164,10664.94,
FCO,FCO,2010-04-01T00:00:00Z,Rematching / Reinstatement,DG CHANGE & DELIVERY,INTERSERVE FM LTD,Unknown,9164,161.63,
FCO,FCO,2010-04-01T00:00:00Z,Contract Fees,DG CHANGE & DELIVERY,INTERSERVE FM LTD,Unknown,9164,5578.67,
FCO,FCO,2010-04-16T00:00:00Z,Building Mechanical and Engineering Services,DG CHANGE & DELIVERY,INTERSERVE FM LTD,Unknown,9175,2460.33,
FCO,FCO,2010-04-16T00:00:00Z,Building Fabric Services,DG CHANGE & DELIVERY,INTERSERVE FM LTD,Unknown,9175,69.56,
FCO,FCO,2010-04-16T00:00:00Z,Minor New Works <10K,DG CHANGE & DELIVERY,INTERSERVE FM LTD,Unknown,9175,945.44,
FCO,FCO,2010-04-16T00:00:00Z,Grounds Maintenance,DG CHANGE & DELIVERY,INTERSERVE FM LTD,Unknown,9175,82.14,
FCO,FCO,2010-04-16T00:00:00Z,Cleaning & Waste,DG CHANGE & DELIVERY,INTERSERVE FM LTD,Unknown,9175,3419.83,
FCO,FCO,2010-04-16T00:00:00Z,Cleaning & Waste,DG CHANGE & DELIVERY,INTERSERVE FM LTD,Unknown,9175,196.07,
FCO,FCO,2010-04-16T00:00:00Z,Miscellaneous Expenditure,DG CHANGE & DELIVERY,INTERSERVE FM LTD,Unknown,9175,145.52,
FCO,FCO,2010-04-16T00:00:00Z,Waste Disposal,DG CHANGE & DELIVERY,INTERSERVE FM LTD,Unknown,9175,133.79,
FCO,FCO,2010-04-16T00:00:00Z,Reception Services,DG CHANGE & DELIVERY,INTERSERVE FM LTD,Unknown,9175,1709.65,
FCO,FCO,2010-04-16T00:00:00Z,Mail & Porterage Services,DG CHANGE & DELIVERY,INTERSERVE FM LTD,Unknown,9175,2203.12,
FCO,FCO,2010-04-16T00:00:00Z,Office Support Services,DG CHANGE & DELIVERY,INTERSERVE FM LTD,Unknown,9175,427.41,
FCO,FCO,2010-04-16T00:00:00Z,Estates Management Services,DG CHANGE & DELIVERY,INTERSERVE FM LTD,Unknown,9175,294.73,
FCO,FCO,2010-04-16T00:00:00Z,Residential Property Services,DG CHANGE & DELIVERY,INTERSERVE FM LTD,Unknown,9175,4565.43,
FCO,FCO,2010-04-16T00:00:00Z,Contract Fees,DG CHANGE & DELIVERY,INTERSERVE FM LTD,Unknown,9175,4448.38,
FCO,FCO,2010-04-16T00:00:00Z,FM Interserve Overseas Reclaimable Tax,DG CHANGE & DELIVERY,INTERSERVE FM LTD,Unknown,9175,4642.31,
FCO,FCO,2010-04-16T00:00:00Z,FM Interserve Overseas Reclaimable Tax,DG CHANGE & DELIVERY,INTERSERVE FM LTD,Unknown,9175,0.0,
FCO,FCO,2010-04-28T00:00:00Z,Building Mechanical and Engineering Services,DG CHANGE & DELIVERY,INTERSERVE FM LTD,Unknown,9229,2245.58,
FCO,FCO,2010-04-28T00:00:00Z,Building Fabric Services,DG CHANGE & DELIVERY,INTERSERVE FM LTD,Unknown,9229,230.91,
FCO,FCO,2010-04-28T00:00:00Z,Minor New Works <10K,DG CHANGE & DELIVERY,INTERSERVE FM LTD,Unknown,9229,807.18,
FCO,FCO,2010-04-28T00:00:00Z,Grounds Maintenance,DG CHANGE & DELIVERY,INTERSERVE FM LTD,Unknown,9229,206.78,
FCO,FCO,2010-04-28T00:00:00Z,Cleaning & Waste,DG CHANGE & DELIVERY,INTERSERVE FM LTD,Unknown,9229,9089.23,
FCO,FCO,2010-04-28T00:00:00Z,Cleaning & Waste,DG CHANGE & DELIVERY,INTERSERVE FM LTD,Unknown,9229,372.51,
FCO,FCO,2010-04-28T00:00:00Z,Miscellaneous Expenditure,DG CHANGE & DELIVERY,INTERSERVE FM LTD,Unknown,9229,102.65,
FCO,FCO,2010-04-28T00:00:00Z,Waste Disposal,DG CHANGE & DELIVERY,INTERSERVE FM LTD,Unknown,9229,464.41,
FCO,FCO,2010-04-28T00:00:00Z,Reception Services,DG CHANGE & DELIVERY,INTERSERVE FM LTD,Unknown,9229,6174.49,
FCO,FCO,2010-04-28T00:00:00Z,Mail & Porterage Services,DG CHANGE & DELIVERY,INTERSERVE FM LTD,Unknown,9229,4838.07,
FCO,FCO,2010-04-28T00:00:00Z,Office Support Services,DG CHANGE & DELIVERY,INTERSERVE FM LTD,Unknown,9229,1543.62,
FCO,FCO,2010-04-28T00:00:00Z,Estates Management Services,DG CHANGE & DELIVERY,INTERSERVE FM LTD,Unknown,9229,133.7,
FCO,FCO,2010-04-28T00:00:00Z,Residential Property Services,DG CHANGE & DELIVERY,INTERSERVE FM LTD,Unknown,9229,10417.22,
FCO,FCO,2010-04-28T00:00:00Z,Rematching / Reinstatement,DG CHANGE & DELIVERY,INTERSERVE FM LTD,Unknown,9229,157.87,
FCO,FCO,2010-04-28T00:00:00Z,Contract Fees,DG CHANGE & DELIVERY,INTERSERVE FM LTD,Unknown,9229,5449.1,
FCO,FCO,2010-04-28T00:00:00Z,Building Mechanical and Engineering Services,DG CHANGE & DELIVERY,INTERSERVE FM LTD,Unknown,9232,2395.68,
FCO,FCO,2010-04-28T00:00:00Z,Building Fabric Services,DG CHANGE & DELIVERY,INTERSERVE FM LTD,Unknown,9232,67.73,
FCO,FCO,2010-04-28T00:00:00Z,Minor New Works <10K,DG CHANGE & DELIVERY,INTERSERVE FM LTD,Unknown,9232,920.59,
FCO,FCO,2010-04-28T00:00:00Z,Grounds Maintenance,DG CHANGE & DELIVERY,INTERSERVE FM LTD,Unknown,9232,79.98,
FCO,FCO,2010-04-28T00:00:00Z,Cleaning & Waste,DG CHANGE & DELIVERY,INTERSERVE FM LTD,Unknown,9232,3329.96,
FCO,FCO,2010-04-28T00:00:00Z,Cleaning & Waste,DG CHANGE & DELIVERY,INTERSERVE FM LTD,Unknown,9232,190.92,
FCO,FCO,2010-04-28T00:00:00Z,Miscellaneous Expenditure,DG CHANGE & DELIVERY,INTERSERVE FM LTD,Unknown,9232,141.69,
FCO,FCO,2010-04-28T00:00:00Z,Waste Disposal,DG CHANGE & DELIVERY,INTERSERVE FM LTD,Unknown,9232,130.28,
FCO,FCO,2010-04-28T00:00:00Z,Reception Services,DG CHANGE & DELIVERY,INTERSERVE FM LTD,Unknown,9232,1664.72,
FCO,FCO,2010-04-28T00:00:00Z,Mail & Porterage Services,DG CHANGE & DELIVERY,INTERSERVE FM LTD,Unknown,9232,2145.23,
FCO,FCO,2010-04-28T00:00:00Z,Office Support Services,DG CHANGE & DELIVERY,INTERSERVE FM LTD,Unknown,9232,416.18,
FCO,FCO,2010-04-28T00:00:00Z,Estates Management Services,DG CHANGE & DELIVERY,INTERSERVE FM LTD,Unknown,9232,286.99,
FCO,FCO,2010-04-28T00:00:00Z,Residential Property Services,DG CHANGE & DELIVERY,INTERSERVE FM LTD,Unknown,9232,4445.46,
FCO,FCO,2010-04-28T00:00:00Z,Contract Fees,DG CHANGE & DELIVERY,INTERSERVE FM LTD,Unknown,9232,4331.48,
FCO,FCO,2010-04-28T00:00:00Z,FM Interserve Overseas Reclaimable Tax,DG CHANGE & DELIVERY,INTERSERVE FM LTD,Unknown,9232,4520.32,
FCO,FCO,2010-04-28T00:00:00Z,FM Interserve Overseas Reclaimable Tax,DG CHANGE & DELIVERY,INTERSERVE FM LTD,Unknown,9232,0.0,
FCO,FCO,2010-04-28T00:00:00Z,Contract Fees,DG CHANGE & DELIVERY,INTERSERVE FM LTD,Unknown,9232,-4331.48,
FCO,FCO,2010-04-28T00:00:00Z,Contract Fees,DG CHANGE & DELIVERY,INTERSERVE FM LTD,Unknown,9232,4331.48,
FCO,FCO,2010-04-01T00:00:00Z,Building Mechanical and Engineering Services,DG CHANGE & DELIVERY,INTERSERVE FM LTD,Unknown,1001441,14663.0,
FCO,FCO,2010-04-01T00:00:00Z,Minor New Works <10K,DG CHANGE & DELIVERY,INTERSERVE FM LTD,Unknown,1001441,10242.35,
FCO,FCO,2010-04-01T00:00:00Z,Grounds Maintenance,DG CHANGE & DELIVERY,INTERSERVE FM LTD,Unknown,1001441,527.54,
FCO,FCO,2010-04-01T00:00:00Z,Cleaning & Waste,DG CHANGE & DELIVERY,INTERSERVE FM LTD,Unknown,1001441,31056.57,
FCO,FCO,2010-04-01T00:00:00Z,Cleaning & Waste,DG CHANGE & DELIVERY,INTERSERVE FM LTD,Unknown,1001441,73.53,
FCO,FCO,2010-04-01T00:00:00Z,Miscellaneous Expenditure,DG CHANGE & DELIVERY,INTERSERVE FM LTD,Unknown,1001441,1114.93,
FCO,FCO,2010-04-01T00:00:00Z,Waste Disposal,DG CHANGE & DELIVERY,INTERSERVE FM LTD,Unknown,1001441,666.93,
FCO,FCO,2010-04-01T00:00:00Z,Reception Services,DG CHANGE & DELIVERY,INTERSERVE FM LTD,Unknown,1001441,13991.88,
FCO,FCO,2010-04-01T00:00:00Z,Mail & Porterage Services,DG CHANGE & DELIVERY,INTERSERVE FM LTD,Unknown,1001441,8738.51,
FCO,FCO,2010-04-01T00:00:00Z,Office Support Services,DG CHANGE & DELIVERY,INTERSERVE FM LTD,Unknown,1001441,3497.97,
FCO,FCO,2010-04-01T00:00:00Z,Residential Property Services,DG CHANGE & DELIVERY,INTERSERVE FM LTD,Unknown,1001441,33300.23,
FCO,FCO,2010-04-01T00:00:00Z,Rematching / Reinstatement,DG CHANGE & DELIVERY,INTERSERVE FM LTD,Unknown,1001441,8014.25,
FCO,FCO,2010-04-01T00:00:00Z,Contract Fees,DG CHANGE & DELIVERY,INTERSERVE FM LTD,Unknown,1001441,12453.38,
FCO,FCO,2010-04-01T00:00:00Z,Building Mechanical and Engineering Services,DG CHANGE & DELIVERY,INTERSERVE FM LTD,Unknown,1001444,2816.07,
FCO,FCO,2010-04-01T00:00:00Z,Minor New Works <10K,DG CHANGE & DELIVERY,INTERSERVE FM LTD,Unknown,1001444,1206.89,
FCO,FCO,2010-04-01T00:00:00Z,Grounds Maintenance,DG CHANGE & DELIVERY,INTERSERVE FM LTD,Unknown,1001444,531.15,
FCO,FCO,2010-04-01T00:00:00Z,Cleaning & Waste,DG CHANGE & DELIVERY,INTERSERVE FM LTD,Unknown,1001444,5346.29,
FCO,FCO,2010-04-01T00:00:00Z,Cleaning & Waste,DG CHANGE & DELIVERY,INTERSERVE FM LTD,Unknown,1001444,268.29,
FCO,FCO,2010-04-01T00:00:00Z,Miscellaneous Expenditure,DG CHANGE & DELIVERY,INTERSERVE FM LTD,Unknown,1001444,102.78,
FCO,FCO,2010-04-01T00:00:00Z,Waste Disposal,DG CHANGE & DELIVERY,INTERSERVE FM LTD,Unknown,1001444,343.98,
FCO,FCO,2010-04-01T00:00:00Z,Reception Services,DG CHANGE & DELIVERY,INTERSERVE FM LTD,Unknown,1001444,2532.88,
FCO,FCO,2010-04-01T00:00:00Z,Mail & Porterage Services,DG CHANGE & DELIVERY,INTERSERVE FM LTD,Unknown,1001444,3780.19,
FCO,FCO,2010-04-01T00:00:00Z,Office Support Services,DG CHANGE & DELIVERY,INTERSERVE FM LTD,Unknown,1001444,633.22,
FCO,FCO,2010-04-01T00:00:00Z,Residential Property Services,DG CHANGE & DELIVERY,INTERSERVE FM LTD,Unknown,1001444,1555.24,
FCO,FCO,2010-04-01T00:00:00Z,Rematching / Reinstatement,DG CHANGE & DELIVERY,INTERSERVE FM LTD,Unknown,1001444,235.03,
FCO,FCO,2010-04-01T00:00:00Z,Contract Fees,DG CHANGE & DELIVERY,INTERSERVE FM LTD,Unknown,1001444,2056.23,
FCO,FCO,2010-04-01T00:00:00Z,FM Interserve Overseas Reclaimable Tax,DG CHANGE & DELIVERY,INTERSERVE FM LTD,Unknown,1001444,4602.77,
FCO,FCO,2010-04-01T00:00:00Z,FM Interserve Overseas Reclaimable Tax,DG CHANGE & DELIVERY,INTERSERVE FM LTD,Unknown,1001444,0.01,
FCO,FCO,2010-04-16T00:00:00Z,Building Mechanical and Engineering Services,DG CHANGE & DELIVERY,INTERSERVE FM LTD,Unknown,1001447,2221.39,
FCO,FCO,2010-04-16T00:00:00Z,Minor New Works <10K,DG CHANGE & DELIVERY,INTERSERVE FM LTD,Unknown,1001447,504.86,
FCO,FCO,2010-04-16T00:00:00Z,Grounds Maintenance,DG CHANGE & DELIVERY,INTERSERVE FM LTD,Unknown,1001447,364.05,
FCO,FCO,2010-04-16T00:00:00Z,Cleaning & Waste,DG CHANGE & DELIVERY,INTERSERVE FM LTD,Unknown,1001447,2852.83,
FCO,FCO,2010-04-16T00:00:00Z,Cleaning & Waste,DG CHANGE & DELIVERY,INTERSERVE FM LTD,Unknown,1001447,213.54,
FCO,FCO,2010-04-16T00:00:00Z,Miscellaneous Expenditure,DG CHANGE & DELIVERY,INTERSERVE FM LTD,Unknown,1001447,445.66,
FCO,FCO,2010-04-16T00:00:00Z,Waste Disposal,DG CHANGE & DELIVERY,INTERSERVE FM LTD,Unknown,1001447,149.28,
FCO,FCO,2010-04-16T00:00:00Z,Reception Services,DG CHANGE & DELIVERY,INTERSERVE FM LTD,Unknown,1001447,4072.26,
FCO,FCO,2010-04-16T00:00:00Z,Mail & Porterage Services,DG CHANGE & DELIVERY,INTERSERVE FM LTD,Unknown,1001447,2222.34,
FCO,FCO,2010-04-16T00:00:00Z,Office Support Services,DG CHANGE & DELIVERY,INTERSERVE FM LTD,Unknown,1001447,1018.06,
FCO,FCO,2010-04-16T00:00:00Z,Estates Management Services,DG CHANGE & DELIVERY,INTERSERVE FM LTD,Unknown,1001447,127.06,
FCO,FCO,2010-04-16T00:00:00Z,Residential Property Services,DG CHANGE & DELIVERY,INTERSERVE FM LTD,Unknown,1001447,6448.96,
FCO,FCO,2010-04-16T00:00:00Z,Rematching / Reinstatement,DG CHANGE & DELIVERY,INTERSERVE FM LTD,Unknown,1001447,3019.13,
FCO,FCO,2010-04-16T00:00:00Z,Contract Fees,DG CHANGE & DELIVERY,INTERSERVE FM LTD,Unknown,1001447,3950.93,
FCO,FCO,2010-04-16T00:00:00Z,FM Interserve Overseas Reclaimable Tax,DG CHANGE & DELIVERY,INTERSERVE FM LTD,Unknown,1001447,5245.96,
FCO,FCO,2010-04-16T00:00:00Z,FM Interserve Overseas Reclaimable Tax,DG CHANGE & DELIVERY,INTERSERVE FM LTD,Unknown,1001447,0.01,
FCO,FCO,2010-04-16T00:00:00Z,Building Mechanical and Engineering Services,DG CHANGE & DELIVERY,INTERSERVE FM LTD,Unknown,1001448,6012.21,
FCO,FCO,2010-04-16T00:00:00Z,Minor New Works <10K,DG CHANGE & DELIVERY,INTERSERVE FM LTD,Unknown,1001448,1075.56,
FCO,FCO,2010-04-16T00:00:00Z,Grounds Maintenance,DG CHANGE & DELIVERY,INTERSERVE FM LTD,Unknown,1001448,619.55,
FCO,FCO,2010-04-16T00:00:00Z,Cleaning & Waste,DG CHANGE & DELIVERY,INTERSERVE FM LTD,Unknown,1001448,5244.74,
FCO,FCO,2010-04-16T00:00:00Z,Cleaning & Waste,DG CHANGE & DELIVERY,INTERSERVE FM LTD,Unknown,1001448,404.29,
FCO,FCO,2010-04-16T00:00:00Z,Miscellaneous Expenditure,DG CHANGE & DELIVERY,INTERSERVE FM LTD,Unknown,1001448,399.4,
FCO,FCO,2010-04-16T00:00:00Z,Waste Disposal,DG CHANGE & DELIVERY,INTERSERVE FM LTD,Unknown,1001448,477.77,
FCO,FCO,2010-04-16T00:00:00Z,Reception Services,DG CHANGE & DELIVERY,INTERSERVE FM LTD,Unknown,1001448,3215.57,
FCO,FCO,2010-04-16T00:00:00Z,Mail & Porterage Services,DG CHANGE & DELIVERY,INTERSERVE FM LTD,Unknown,1001448,3969.58,
FCO,FCO,2010-04-16T00:00:00Z,Office Support Services,DG CHANGE & DELIVERY,INTERSERVE FM LTD,Unknown,1001448,803.89,
FCO,FCO,2010-04-16T00:00:00Z,Estates Management Services,DG CHANGE & DELIVERY,INTERSERVE FM LTD,Unknown,1001448,244.01,
FCO,FCO,2010-04-16T00:00:00Z,Residential Property Services,DG CHANGE & DELIVERY,INTERSERVE FM LTD,Unknown,1001448,10401.71,
FCO,FCO,2010-04-16T00:00:00Z,Contract Fees,DG CHANGE & DELIVERY,INTERSERVE FM LTD,Unknown,1001448,8788.04,
FCO,FCO,2010-04-16T00:00:00Z,FM Interserve Overseas Reclaimable Tax,DG CHANGE & DELIVERY,INTERSERVE FM LTD,Unknown,1001448,8331.27,
FCO,FCO,2010-04-16T00:00:00Z,FM Interserve Overseas Reclaimable Tax,DG CHANGE & DELIVERY,INTERSERVE FM LTD,Unknown,1001448,-0.01,
FCO,FCO,2010-04-27T00:00:00Z,Building Mechanical and Engineering Services,DG CHANGE & DELIVERY,INTERSERVE FM LTD,Unknown,1001486,14694.27,
FCO,FCO,2010-04-27T00:00:00Z,Minor New Works <10K,DG CHANGE & DELIVERY,INTERSERVE FM LTD,Unknown,1001486,10264.19,
FCO,FCO,2010-04-27T00:00:00Z,Grounds Maintenance,DG CHANGE & DELIVERY,INTERSERVE FM LTD,Unknown,1001486,528.66,
FCO,FCO,2010-04-27T00:00:00Z,Cleaning & Waste,DG CHANGE & DELIVERY,INTERSERVE FM LTD,Unknown,1001486,31122.79,
FCO,FCO,2010-04-27T00:00:00Z,Cleaning & Waste,DG CHANGE & DELIVERY,INTERSERVE FM LTD,Unknown,1001486,73.68,
FCO,FCO,2010-04-27T00:00:00Z,Miscellaneous Expenditure,DG CHANGE & DELIVERY,INTERSERVE FM LTD,Unknown,1001486,1117.31,
FCO,FCO,2010-04-27T00:00:00Z,Waste Disposal,DG CHANGE & DELIVERY,INTERSERVE FM LTD,Unknown,1001486,668.35,
FCO,FCO,2010-04-27T00:00:00Z,Reception Services,DG CHANGE & DELIVERY,INTERSERVE FM LTD,Unknown,1001486,14021.71,
FCO,FCO,2010-04-27T00:00:00Z,Mail & Porterage Services,DG CHANGE & DELIVERY,INTERSERVE FM LTD,Unknown,1001486,8757.15,
FCO,FCO,2010-04-27T00:00:00Z,Office Support Services,DG CHANGE & DELIVERY,INTERSERVE FM LTD,Unknown,1001486,3505.43,
FCO,FCO,2010-04-27T00:00:00Z,Residential Property Services,DG CHANGE & DELIVERY,INTERSERVE FM LTD,Unknown,1001486,33371.24,
FCO,FCO,2010-04-27T00:00:00Z,Rematching / Reinstatement,DG CHANGE & DELIVERY,INTERSERVE FM LTD,Unknown,1001486,8031.34,
FCO,FCO,2010-04-27T00:00:00Z,Contract Fees,DG CHANGE & DELIVERY,INTERSERVE FM LTD,Unknown,1001486,12479.94,
FCO,FCO,2010-04-27T00:00:00Z,Building Mechanical and Engineering Services,DG CHANGE & DELIVERY,INTERSERVE FM LTD,Unknown,1001488,6012.21,
FCO,FCO,2010-04-27T00:00:00Z,Minor New Works <10K,DG CHANGE & DELIVERY,INTERSERVE FM LTD,Unknown,1001488,1075.56,
FCO,FCO,2010-04-27T00:00:00Z,Grounds Maintenance,DG CHANGE & DELIVERY,INTERSERVE FM LTD,Unknown,1001488,619.55,
FCO,FCO,2010-04-27T00:00:00Z,Cleaning & Waste,DG CHANGE & DELIVERY,INTERSERVE FM LTD,Unknown,1001488,5244.74,
FCO,FCO,2010-04-27T00:00:00Z,Cleaning & Waste,DG CHANGE & DELIVERY,INTERSERVE FM LTD,Unknown,1001488,404.29,
FCO,FCO,2010-04-27T00:00:00Z,Miscellaneous Expenditure,DG CHANGE & DELIVERY,INTERSERVE FM LTD,Unknown,1001488,399.4,
FCO,FCO,2010-04-27T00:00:00Z,Waste Disposal,DG CHANGE & DELIVERY,INTERSERVE FM LTD,Unknown,1001488,477.77,
FCO,FCO,2010-04-27T00:00:00Z,Reception Services,DG CHANGE & DELIVERY,INTERSERVE FM LTD,Unknown,1001488,3215.57,
FCO,FCO,2010-04-27T00:00:00Z,Mail & Porterage Services,DG CHANGE & DELIVERY,INTERSERVE FM LTD,Unknown,1001488,3969.58,
FCO,FCO,2010-04-27T00:00:00Z,Office Support Services,DG CHANGE & DELIVERY,INTERSERVE FM LTD,Unknown,1001488,803.89,
FCO,FCO,2010-04-27T00:00:00Z,Estates Management Services,DG CHANGE & DELIVERY,INTERSERVE FM LTD,Unknown,1001488,244.01,
FCO,FCO,2010-04-27T00:00:00Z,Residential Property Services,DG CHANGE & DELIVERY,INTERSERVE FM LTD,Unknown,1001488,10401.71,
FCO,FCO,2010-04-27T00:00:00Z,Contract Fees,DG CHANGE & DELIVERY,INTERSERVE FM LTD,Unknown,1001488,8788.04,
FCO,FCO,2010-04-27T00:00:00Z,FM Interserve Overseas Reclaimable Tax,DG CHANGE & DELIVERY,INTERSERVE FM LTD,Unknown,1001488,8331.27,
FCO,FCO,2010-04-27T00:00:00Z,FM Interserve Overseas Reclaimable Tax,DG CHANGE & DELIVERY,INTERSERVE FM LTD,Unknown,1001488,-0.01,
FCO,FCO,2010-04-27T00:00:00Z,Building Mechanical and Engineering Services,DG CHANGE & DELIVERY,INTERSERVE FM LTD,Unknown,1001491,14694.27,
FCO,FCO,2010-04-27T00:00:00Z,Minor New Works <10K,DG CHANGE & DELIVERY,INTERSERVE FM LTD,Unknown,1001491,10264.19,
FCO,FCO,2010-04-27T00:00:00Z,Grounds Maintenance,DG CHANGE & DELIVERY,INTERSERVE FM LTD,Unknown,1001491,528.66,
FCO,FCO,2010-04-27T00:00:00Z,Cleaning & Waste,DG CHANGE & DELIVERY,INTERSERVE FM LTD,Unknown,1001491,31122.79,
FCO,FCO,2010-04-27T00:00:00Z,Cleaning & Waste,DG CHANGE & DELIVERY,INTERSERVE FM LTD,Unknown,1001491,73.68,
FCO,FCO,2010-04-27T00:00:00Z,Miscellaneous Expenditure,DG CHANGE & DELIVERY,INTERSERVE FM LTD,Unknown,1001491,1117.31,
FCO,FCO,2010-04-27T00:00:00Z,Waste Disposal,DG CHANGE & DELIVERY,INTERSERVE FM LTD,Unknown,1001491,668.35,
FCO,FCO,2010-04-27T00:00:00Z,Reception Services,DG CHANGE & DELIVERY,INTERSERVE FM LTD,Unknown,1001491,14021.71,
FCO,FCO,2010-04-27T00:00:00Z,Mail & Porterage Services,DG CHANGE & DELIVERY,INTERSERVE FM LTD,Unknown,1001491,8757.15,
FCO,FCO,2010-04-27T00:00:00Z,Office Support Services,DG CHANGE & DELIVERY,INTERSERVE FM LTD,Unknown,1001491,3505.43,
FCO,FCO,2010-04-27T00:00:00Z,Residential Property Services,DG CHANGE & DELIVERY,INTERSERVE FM LTD,Unknown,1001491,33371.24,
FCO,FCO,2010-04-27T00:00:00Z,Rematching / Reinstatement,DG CHANGE & DELIVERY,INTERSERVE FM LTD,Unknown,1001491,8031.34,
FCO,FCO,2010-04-27T00:00:00Z,Contract Fees,DG CHANGE & DELIVERY,INTERSERVE FM LTD,Unknown,1001491,12479.94,
FCO,FCO,2010-04-27T00:00:00Z,Building Mechanical and Engineering Services,DG CHANGE & DELIVERY,INTERSERVE FM LTD,Unknown,1001495,2221.39,
FCO,FCO,2010-04-27T00:00:00Z,Minor New Works <10K,DG CHANGE & DELIVERY,INTERSERVE FM LTD,Unknown,1001495,504.86,
FCO,FCO,2010-04-27T00:00:00Z,Grounds Maintenance,DG CHANGE & DELIVERY,INTERSERVE FM LTD,Unknown,1001495,364.05,
FCO,FCO,2010-04-27T00:00:00Z,Cleaning & Waste,DG CHANGE & DELIVERY,INTERSERVE FM LTD,Unknown,1001495,2852.83,
FCO,FCO,2010-04-27T00:00:00Z,Cleaning & Waste,DG CHANGE & DELIVERY,INTERSERVE FM LTD,Unknown,1001495,213.54,
FCO,FCO,2010-04-27T00:00:00Z,Miscellaneous Expenditure,DG CHANGE & DELIVERY,INTERSERVE FM LTD,Unknown,1001495,445.66,
FCO,FCO,2010-04-27T00:00:00Z,Waste Disposal,DG CHANGE & DELIVERY,INTERSERVE FM LTD,Unknown,1001495,149.28,
FCO,FCO,2010-04-27T00:00:00Z,Reception Services,DG CHANGE & DELIVERY,INTERSERVE FM LTD,Unknown,1001495,4072.26,
FCO,FCO,2010-04-27T00:00:00Z,Mail & Porterage Services,DG CHANGE & DELIVERY,INTERSERVE FM LTD,Unknown,1001495,2222.34,
FCO,FCO,2010-04-27T00:00:00Z,Office Support Services,DG CHANGE & DELIVERY,INTERSERVE FM LTD,Unknown,1001495,1018.06,
FCO,FCO,2010-04-27T00:00:00Z,Estates Management Services,DG CHANGE & DELIVERY,INTERSERVE FM LTD,Unknown,1001495,127.06,
FCO,FCO,2010-04-27T00:00:00Z,Residential Property Services,DG CHANGE & DELIVERY,INTERSERVE FM LTD,Unknown,1001495,6448.96,
FCO,FCO,2010-04-27T00:00:00Z,Rematching / Reinstatement,DG CHANGE & DELIVERY,INTERSERVE FM LTD,Unknown,1001495,3019.13,
FCO,FCO,2010-04-27T00:00:00Z,Contract Fees,DG CHANGE & DELIVERY,INTERSERVE FM LTD,Unknown,1001495,3950.93,
FCO,FCO,2010-04-27T00:00:00Z,FM Interserve Overseas Reclaimable Tax,DG CHANGE & DELIVERY,INTERSERVE FM LTD,Unknown,1001495,5245.96,
FCO,FCO,2010-04-27T00:00:00Z,FM Interserve Overseas Reclaimable Tax,DG CHANGE & DELIVERY,INTERSERVE FM LTD,Unknown,1001495,0.01,
FCO,FCO,2010-04-27T00:00:00Z,Building Mechanical and Engineering Services,DG CHANGE & DELIVERY,INTERSERVE FM LTD,Unknown,1001499,2822.08,
FCO,FCO,2010-04-27T00:00:00Z,Minor New Works <10K,DG CHANGE & DELIVERY,INTERSERVE FM LTD,Unknown,1001499,1209.46,
FCO,FCO,2010-04-27T00:00:00Z,Grounds Maintenance,DG CHANGE & DELIVERY,INTERSERVE FM LTD,Unknown,1001499,532.28,
FCO,FCO,2010-04-27T00:00:00Z,Cleaning & Waste,DG CHANGE & DELIVERY,INTERSERVE FM LTD,Unknown,1001499,5357.69,
FCO,FCO,2010-04-27T00:00:00Z,Cleaning & Waste,DG CHANGE & DELIVERY,INTERSERVE FM LTD,Unknown,1001499,268.86,
FCO,FCO,2010-04-27T00:00:00Z,Miscellaneous Expenditure,DG CHANGE & DELIVERY,INTERSERVE FM LTD,Unknown,1001499,103.0,
FCO,FCO,2010-04-27T00:00:00Z,Waste Disposal,DG CHANGE & DELIVERY,INTERSERVE FM LTD,Unknown,1001499,344.72,
FCO,FCO,2010-04-27T00:00:00Z,Reception Services,DG CHANGE & DELIVERY,INTERSERVE FM LTD,Unknown,1001499,2538.28,
FCO,FCO,2010-04-27T00:00:00Z,Mail & Porterage Services,DG CHANGE & DELIVERY,INTERSERVE FM LTD,Unknown,1001499,3788.25,
FCO,FCO,2010-04-27T00:00:00Z,Office Support Services,DG CHANGE & DELIVERY,INTERSERVE FM LTD,Unknown,1001499,634.57,
FCO,FCO,2010-04-27T00:00:00Z,Residential Property Services,DG CHANGE & DELIVERY,INTERSERVE FM LTD,Unknown,1001499,1558.55,
FCO,FCO,2010-04-27T00:00:00Z,Rematching / Reinstatement,DG CHANGE & DELIVERY,INTERSERVE FM LTD,Unknown,1001499,235.53,
FCO,FCO,2010-04-27T00:00:00Z,Contract Fees,DG CHANGE & DELIVERY,INTERSERVE FM LTD,Unknown,1001499,2060.61,
FCO,FCO,2010-04-27T00:00:00Z,FM Interserve Overseas Reclaimable Tax,DG CHANGE & DELIVERY,INTERSERVE FM LTD,Unknown,1001499,4612.58,
FCO,FCO,2010-04-27T00:00:00Z,FM Interserve Overseas Reclaimable Tax,DG CHANGE & DELIVERY,INTERSERVE FM LTD,Unknown,1001499,0.01,
FCO,FCO,2010-04-14T00:00:00Z,Building Mechanical and Engineering Services,DG CHANGE & DELIVERY,INTERSERVE FM LTD,Unknown,1161841,96007.31,
FCO,FCO,2010-04-14T00:00:00Z,Building Fabric Services,DG CHANGE & DELIVERY,INTERSERVE FM LTD,Unknown,1161841,1983.88,
FCO,FCO,2010-04-14T00:00:00Z,Minor New Works <10K,DG CHANGE & DELIVERY,INTERSERVE FM LTD,Unknown,1161841,40655.79,
FCO,FCO,2010-04-14T00:00:00Z,Grounds Maintenance,DG CHANGE & DELIVERY,INTERSERVE FM LTD,Unknown,1161841,6680.58,
FCO,FCO,2010-04-14T00:00:00Z,Cleaning & Waste,DG CHANGE & DELIVERY,INTERSERVE FM LTD,Unknown,1161841,127999.11,
FCO,FCO,2010-04-14T00:00:00Z,Miscellaneous Expenditure,DG CHANGE & DELIVERY,INTERSERVE FM LTD,Unknown,1161841,1508.01,
FCO,FCO,2010-04-14T00:00:00Z,Waste Disposal,DG CHANGE & DELIVERY,INTERSERVE FM LTD,Unknown,1161841,5726.23,
FCO,FCO,2010-04-14T00:00:00Z,Mail & Porterage Services,DG CHANGE & DELIVERY,INTERSERVE FM LTD,Unknown,1161841,32886.3,
FCO,FCO,2010-04-14T00:00:00Z,Office Support Services,DG CHANGE & DELIVERY,INTERSERVE FM LTD,Unknown,1161841,4379.52,
FCO,FCO,2010-04-14T00:00:00Z,Estates Management Services,DG CHANGE & DELIVERY,INTERSERVE FM LTD,Unknown,1161841,2246.14,
FCO,FCO,2010-04-14T00:00:00Z,Rematching / Reinstatement,DG CHANGE & DELIVERY,INTERSERVE FM LTD,Unknown,1161841,9954.7,
FCO,FCO,2010-04-14T00:00:00Z,Contract Fees,DG CHANGE & DELIVERY,INTERSERVE FM LTD,Unknown,1161841,44359.81,
FCO,FCO,2010-04-14T00:00:00Z,Interim Helpdesk,DG CHANGE & DELIVERY,INTERSERVE FM LTD,Unknown,1161841,36621.03,
FCO,FCO,2010-04-14T00:00:00Z,VAT (Input) (Oracle Sub-Ledger Control Account),NON CASH & UNALLOCATED COSTS,INTERSERVE FM LTD,Unknown,1161841,71926.46,
FCO,FCO,2010-04-14T00:00:00Z,VAT (Input) (Oracle Sub-Ledger Control Account),NON CASH & UNALLOCATED COSTS,INTERSERVE FM LTD,Unknown,1161841,0.01,
FCO,FCO,2010-04-14T00:00:00Z,VAT (Input) (Oracle Sub-Ledger Control Account),NON CASH & UNALLOCATED COSTS,INTERSERVE FM LTD,Unknown,1161841,-0.01,
FCO,FCO,2010-04-14T00:00:00Z,VAT (Input) (Oracle Sub-Ledger Control Account),NON CASH & UNALLOCATED COSTS,INTERSERVE FM LTD,Unknown,1161841,0.01,
FCO,FCO,2010-04-27T00:00:00Z,Building Mechanical and Engineering Services,DG CHANGE & DELIVERY,INTERSERVE FM LTD,Unknown,1162640,96007.31,
FCO,FCO,2010-04-27T00:00:00Z,Building Fabric Services,DG CHANGE & DELIVERY,INTERSERVE FM LTD,Unknown,1162640,1983.88,
FCO,FCO,2010-04-27T00:00:00Z,Minor New Works <10K,DG CHANGE & DELIVERY,INTERSERVE FM LTD,Unknown,1162640,40655.79,
FCO,FCO,2010-04-27T00:00:00Z,Grounds Maintenance,DG CHANGE & DELIVERY,INTERSERVE FM LTD,Unknown,1162640,6680.58,
FCO,FCO,2010-04-27T00:00:00Z,Cleaning & Waste,DG CHANGE & DELIVERY,INTERSERVE FM LTD,Unknown,1162640,127999.11,
FCO,FCO,2010-04-27T00:00:00Z,Miscellaneous Expenditure,DG CHANGE & DELIVERY,INTERSERVE FM LTD,Unknown,1162640,1508.01,
FCO,FCO,2010-04-27T00:00:00Z,Waste Disposal,DG CHANGE & DELIVERY,INTERSERVE FM LTD,Unknown,1162640,5726.23,
FCO,FCO,2010-04-27T00:00:00Z,Mail & Porterage Services,DG CHANGE & DELIVERY,INTERSERVE FM LTD,Unknown,1162640,32886.3,
FCO,FCO,2010-04-27T00:00:00Z,Office Support Services,DG CHANGE & DELIVERY,INTERSERVE FM LTD,Unknown,1162640,4379.52,
FCO,FCO,2010-04-27T00:00:00Z,Estates Management Services,DG CHANGE & DELIVERY,INTERSERVE FM LTD,Unknown,1162640,2246.14,
FCO,FCO,2010-04-27T00:00:00Z,Rematching / Reinstatement,DG CHANGE & DELIVERY,INTERSERVE FM LTD,Unknown,1162640,9954.7,
FCO,FCO,2010-04-27T00:00:00Z,Contract Fees,DG CHANGE & DELIVERY,INTERSERVE FM LTD,Unknown,1162640,44359.81,
FCO,FCO,2010-04-27T00:00:00Z,Interim Helpdesk,DG CHANGE & DELIVERY,INTERSERVE FM LTD,Unknown,1162640,36621.03,
FCO,FCO,2010-04-27T00:00:00Z,VAT (Input) (Oracle Sub-Ledger Control Account),NON CASH & UNALLOCATED COSTS,INTERSERVE FM LTD,Unknown,1162640,71926.46,
FCO,FCO,2010-04-27T00:00:00Z,VAT (Input) (Oracle Sub-Ledger Control Account),NON CASH & UNALLOCATED COSTS,INTERSERVE FM LTD,Unknown,1162640,0.01,
FCO,FCO,2010-04-14T00:00:00Z,Electricity Non-Residential,DG CHANGE & DELIVERY,LONDON ENERGY ASSESSORS LIMITED,Active,1161847,41196.37,
FCO,FCO,2010-04-14T00:00:00Z,Electricity Non-Residential,DG CHANGE & DELIVERY,LONDON ENERGY ASSESSORS LIMITED,Active,1161847,21.32,
FCO,FCO,2010-04-14T00:00:00Z,Electricity Non-Residential,DG CHANGE & DELIVERY,LONDON ENERGY ASSESSORS LIMITED,Active,1161847,7209.36,
FCO,FCO,2010-04-20T00:00:00Z,Electricity Non-Residential,DG CHANGE & DELIVERY,LONDON ENERGY ASSESSORS LIMITED,Active,1162202,37807.73,
FCO,FCO,2010-04-20T00:00:00Z,Electricity Non-Residential,DG CHANGE & DELIVERY,LONDON ENERGY ASSESSORS LIMITED,Active,1162202,6616.35,
FCO,FCO,2010-04-20T00:00:00Z,Electricity Non-Residential,DG CHANGE & DELIVERY,LONDON ENERGY ASSESSORS LIMITED,Active,1162202,-37807.73,
FCO,FCO,2010-04-20T00:00:00Z,Electricity Non-Residential,DG CHANGE & DELIVERY,LONDON ENERGY ASSESSORS LIMITED,Active,1162202,-6616.35,
FCO,FCO,2010-04-20T00:00:00Z,Electricity Non-Residential,DG CHANGE & DELIVERY,LONDON ENERGY ASSESSORS LIMITED,Active,1162202,37807.73,
FCO,FCO,2010-04-20T00:00:00Z,Electricity Non-Residential,DG CHANGE & DELIVERY,LONDON ENERGY ASSESSORS LIMITED,Active,1162202,6616.35,
FCO,FCO,2010-04-20T00:00:00Z,Electricity Non-Residential,DG CHANGE & DELIVERY,LONDON ENERGY ASSESSORS LIMITED,Active,1162202,-37807.73,
FCO,FCO,2010-04-20T00:00:00Z,Electricity Non-Residential,DG CHANGE & DELIVERY,LONDON ENERGY ASSESSORS LIMITED,Active,1162202,-6616.35,
FCO,FCO,2010-04-20T00:00:00Z,Electricity Non-Residential,DG CHANGE & DELIVERY,LONDON ENERGY ASSESSORS LIMITED,Active,1162202,37807.73,
FCO,FCO,2010-04-20T00:00:00Z,Electricity Non-Residential,DG CHANGE & DELIVERY,LONDON ENERGY ASSESSORS LIMITED,Active,1162202,6616.35,
FCO,FCO,2010-04-20T00:00:00Z,Electricity Non-Residential,DG CHANGE & DELIVERY,LONDON ENERGY ASSESSORS LIMITED,Active,1162202,-37807.73,
FCO,FCO,2010-04-20T00:00:00Z,Electricity Non-Residential,DG CHANGE & DELIVERY,LONDON ENERGY ASSESSORS LIMITED,Active,1162202,-6616.35,
FCO,FCO,2010-04-20T00:00:00Z,Electricity Non-Residential,DG CHANGE & DELIVERY,LONDON ENERGY ASSESSORS LIMITED,Active,1162202,37807.73,
FCO,FCO,2010-04-20T00:00:00Z,Electricity Non-Residential,DG CHANGE & DELIVERY,LONDON ENERGY ASSESSORS LIMITED,Unknown,1162202,6616.35,
FCO,FCO,2010-05-10T00:00:00Z,"Substantive overseas posting, staff travel",DG CHANGE & DELIVERY,SIMBA TRAVELCARE,Unknown,200000635,25894.11,
FCO,FCO,2010-05-05T00:00:00Z,Programme Spend (Oracle Projects Control Account),DG CENTRAL GROUP,MARSHALL AID COMMERATION COMMISSION,Unknown,1163213,300000.0,
FCO,FCO,2010-04-22T00:00:00Z,Assets Under Construction (Oracle PA Control Account),NON CASH & UNALLOCATED COSTS,MONRO WHITE HILTON LIMITED,Unknown,1162423,20551.03,
FCO,FCO,2010-04-22T00:00:00Z,Assets Under Construction (Oracle PA Control Account),NON CASH & UNALLOCATED COSTS,MONRO WHITE HILTON LIMITED,Unknown,1162423,4815.78,
FCO,FCO,2010-04-22T00:00:00Z,Assets Under Construction (Oracle PA Control Account),NON CASH & UNALLOCATED COSTS,MONRO WHITE HILTON LIMITED,Unknown,1162423,-4815.78,
FCO,FCO,2010-04-22T00:00:00Z,Assets Under Construction (Oracle PA Control Account),NON CASH & UNALLOCATED COSTS,MONRO WHITE HILTON LIMITED,Unknown,1162423,3994.0,
FCO,FCO,2010-04-22T00:00:00Z,Assets Under Construction (Oracle PA Control Account),NON CASH & UNALLOCATED COSTS,MONRO WHITE HILTON LIMITED,Unknown,1162423,821.78,
FCO,FCO,2010-05-05T00:00:00Z,Wdhs/Wsds,DG CHANGE & DELIVERY,buying solutions,Unknown,4006754,95949.47,
FCO,FCO,2010-05-05T00:00:00Z,Wdhs/Wsds,DG CHANGE & DELIVERY,buying solutions,Unknown,4006754,16791.16,
FCO,FCO,2010-04-07T00:00:00Z,Construction Project more than ����10k,DG CHANGE & DELIVERY,OPUS MAGNUM,Unknown,1161243,7416.0,
FCO,FCO,2010-04-07T00:00:00Z,Construction Project more than ����10k,DG CHANGE & DELIVERY,OPUS MAGNUM,Unknown,1161243,1887.0,
FCO,FCO,2010-04-07T00:00:00Z,Construction Project more than ����10k,DG CHANGE & DELIVERY,OPUS MAGNUM,Unknown,1161243,20887.5,
FCO,FCO,2010-04-07T00:00:00Z,Construction Project more than ����10k,DG CHANGE & DELIVERY,OPUS MAGNUM,Unknown,1161243,9450.0,
FCO,FCO,2010-04-07T00:00:00Z,Construction Project more than ����10k,DG CHANGE & DELIVERY,OPUS MAGNUM,Unknown,1161243,1297.8,
FCO,FCO,2010-04-07T00:00:00Z,Construction Project more than ����10k,DG CHANGE & DELIVERY,OPUS MAGNUM,Unknown,1161243,330.23,
FCO,FCO,2010-04-07T00:00:00Z,Construction Project more than ����10k,DG CHANGE & DELIVERY,OPUS MAGNUM,Unknown,1161243,3655.31,
FCO,FCO,2010-04-07T00:00:00Z,Construction Project more than ����10k,DG CHANGE & DELIVERY,OPUS MAGNUM,Unknown,1161243,1653.75,
FCO,FCO,2010-04-07T00:00:00Z,Construction Project more than ����10k,DG CHANGE & DELIVERY,OPUS MAGNUM,Unknown,1161243,-0.01,
FCO,FCO,2010-04-08T00:00:00Z,Assets Under Construction (Oracle PA Control Account),NON CASH & UNALLOCATED COSTS,COGENT ELECTRICAL SERVICES LIMITED,Unknown,1161307,101617.71,
FCO,FCO,2010-04-20T00:00:00Z,"Purchase of Furniture, Fittings and Domestic Appliances",DG CHANGE & DELIVERY,S & R FURNISHING CONSULTANTS,Unknown,1162235,29473.0,
FCO,FCO,2010-04-20T00:00:00Z,"Purchase of Furniture, Fittings and Domestic Appliances",DG CHANGE & DELIVERY,S & R FURNISHING CONSULTANTS,Unknown,1162235,16443.0,
FCO,FCO,2010-04-19T00:00:00Z,Programme Spend (Oracle Projects Control Account),DG EUROPE AND GLOBALISATION,NATIONAL INSTITUTE OF PUBLIC FINANCE AND POLICY,Unknown,18173,54952.14,
FCO,FCO,2010-04-27T00:00:00Z,Programme Spend (Oracle Projects Control Account),DG POLITICAL,GLOBAL PARTNERS & ASSOCIATES LIMITED,Unknown,1162625,74988.0,
FCO,FCO,2010-04-21T00:00:00Z,Programme Spend (Oracle Projects Control Account),DG POLITICAL,THE WESTMINSTER FOUNDATION FOR DEMOCRACY LIMITED,Unknown,1162339,310000.0,
FCO,FCO,2010-04-27T00:00:00Z,Programme Spend (Oracle Projects Control Account),DG EUROPE AND GLOBALISATION,THE WESTMINSTER FOUNDATION FOR DEMOCRACY LIMITED,Unknown,5000628,67498.82,
FCO,FCO,2010-04-13T00:00:00Z,Programme Spend (Oracle Projects Control Account),DG EUROPE AND GLOBALISATION,RENAISSANCE FINANCE INTERNATIONAL (UK) LIMITED,Unknown,1161756,46777.0,
FCO,FCO,2010-05-05T00:00:00Z,Training Courses,DG CHANGE & DELIVERY,THE TAYLOR CLARKE PARTNERSHIP LIMITED,Unknown,1163231,35285.0,
FCO,FCO,2010-05-05T00:00:00Z,Training Courses,DG CHANGE & DELIVERY,THE TAYLOR CLARKE PARTNERSHIP LIMITED,Unknown,1163231,2142.0,
FCO,FCO,2010-05-05T00:00:00Z,Training Courses,DG CHANGE & DELIVERY,THE TAYLOR CLARKE PARTNERSHIP LIMITED,Unknown,1163231,310.2,
FCO,FCO,2010-05-05T00:00:00Z,Training Courses,DG CHANGE & DELIVERY,THE TAYLOR CLARKE PARTNERSHIP LIMITED,Unknown,1163231,165.0,
FCO,FCO,2010-05-05T00:00:00Z,Training Courses,DG CHANGE & DELIVERY,THE TAYLOR CLARKE PARTNERSHIP LIMITED,Unknown,1163231,1314.0,
FCO,FCO,2010-05-05T00:00:00Z,Training Courses,DG CHANGE & DELIVERY,THE TAYLOR CLARKE PARTNERSHIP LIMITED,Unknown,1163231,6174.88,
FCO,FCO,2010-05-05T00:00:00Z,Training Courses,DG CHANGE & DELIVERY,THE TAYLOR CLARKE PARTNERSHIP LIMITED,Unknown,1163231,374.85,
FCO,FCO,2010-05-05T00:00:00Z,Training Courses,DG CHANGE & DELIVERY,THE TAYLOR CLARKE PARTNERSHIP LIMITED,Unknown,1163231,54.29,
FCO,FCO,2010-05-05T00:00:00Z,Training Courses,DG CHANGE & DELIVERY,THE TAYLOR CLARKE PARTNERSHIP LIMITED,Unknown,1163231,28.88,
FCO,FCO,2010-05-05T00:00:00Z,Training Courses,DG CHANGE & DELIVERY,THE TAYLOR CLARKE PARTNERSHIP LIMITED,Unknown,1163231,229.95,
FCO,FCO,2010-05-07T00:00:00Z,Training Courses,DG CHANGE & DELIVERY,THE TAYLOR CLARKE PARTNERSHIP LIMITED,Unknown,1163431,28085.0,
FCO,FCO,2010-05-07T00:00:00Z,Training Courses,DG CHANGE & DELIVERY,THE TAYLOR CLARKE PARTNERSHIP LIMITED,Unknown,1163431,423.0,
FCO,FCO,2010-05-07T00:00:00Z,Training Courses,DG CHANGE & DELIVERY,THE TAYLOR CLARKE PARTNERSHIP LIMITED,Unknown,1163431,240.0,
FCO,FCO,2010-05-07T00:00:00Z,Training Courses,DG CHANGE & DELIVERY,THE TAYLOR CLARKE PARTNERSHIP LIMITED,Unknown,1163431,1511.1,
FCO,FCO,2010-05-07T00:00:00Z,Training Courses,DG CHANGE & DELIVERY,THE TAYLOR CLARKE PARTNERSHIP LIMITED,Unknown,1163431,4914.88,
FCO,FCO,2010-05-07T00:00:00Z,Training Courses,DG CHANGE & DELIVERY,THE TAYLOR CLARKE PARTNERSHIP LIMITED,Unknown,1163431,74.03,
FCO,FCO,2010-05-07T00:00:00Z,Training Courses,DG CHANGE & DELIVERY,THE TAYLOR CLARKE PARTNERSHIP LIMITED,Unknown,1163431,42.0,
FCO,FCO,2010-05-07T00:00:00Z,Training Courses,DG CHANGE & DELIVERY,THE TAYLOR CLARKE PARTNERSHIP LIMITED,Unknown,1163431,264.44,
FCO,FCO,2010-04-06T00:00:00Z,Consular Special Projects Fund,DG CHANGE & DELIVERY,NATIONAL POLICING IMPROVEMENT AGENCY (NPIA),Unknown,1161124,27381.0,
FCO,FCO,2010-04-01T00:00:00Z,Programme Spend (Oracle Projects Control Account),DG POLITICAL,COFFEY INTERNATIONAL DEVELOPMENT HOLDINGS LIMITED,Unknown,1160799,76584.9,
FCO,FCO,2010-04-28T00:00:00Z,Programme Spend (Oracle Projects Control Account),DG POLITICAL,COFFEY INTERNATIONAL DEVELOPMENT HOLDINGS LIMITED,Unknown,1162752,98911.1,
FCO,FCO,2010-04-23T00:00:00Z,Recharge Suspense Account (Oracle PA Control Account),NON CASH & UNALLOCATED COSTS,COFFEY INTERNATIONAL DEVELOPMENT HOLDINGS LIMITED,Unknown,2004521,37677.91,
FCO,FCO,2010-04-09T00:00:00Z,Programme Spend (Oracle Projects Control Account),DG POLITICAL,INTERNATIONAL PEACE COOPERATION CENTER,Unknown,600000269,19971.15,
FCO,FCO,2010-04-09T00:00:00Z,Programme Spend (Oracle Projects Control Account),DG POLITICAL,INTERNATIONAL PEACE COOPERATION CENTER,Unknown,600000269,7356.98,
FCO,FCO,2010-05-10T00:00:00Z,Programme Spend (Oracle Projects Control Account),DG POLITICAL,DESIGN IT SOLUTIONS LIMITED,Unknown,5089,62479.45,
FCO,FCO,2010-04-08T00:00:00Z,Estates Management Services,DG FINANCE,DTZ CONSULTING AND RESEARCH (EUROPE) LIMITED,Unknown,1161319,82802.2,
FCO,FCO,2010-04-08T00:00:00Z,VAT (Input) (Oracle Sub-Ledger Control Account),NON CASH & UNALLOCATED COSTS,DTZ CONSULTING AND RESEARCH (EUROPE) LIMITED,Unknown,1161319,14490.39,
FCO,FCO,2010-05-11T00:00:00Z,Estates Management Services,DG FINANCE,DTZ CONSULTING AND RESEARCH (EUROPE) LIMITED,Unknown,1163574,45869.64,
FCO,FCO,2010-05-11T00:00:00Z,VAT (Input) (Oracle Sub-Ledger Control Account),NON CASH & UNALLOCATED COSTS,DTZ CONSULTING AND RESEARCH (EUROPE) LIMITED,Unknown,1163574,8027.19,
